title,price,author,review,genre,star,cover,id
불편한 편의점(40만부 기념 벚꽃 에디션),12600,김호연,15,종합,http://image.kyobobook.co.kr/ink/images/common/img_starating_a4.gif,http://image.kyobobook.co.kr/images/book/large/188/l9791161571188.jpg,1
운명을 바꾸는 부동산 투자 수업: 기초편,15120,정태익,0,종합,http://image.kyobobook.co.kr/ink/images/common/img_starating_a0.gif,http://image.kyobobook.co.kr/images/book/large/307/l9788901259307.jpg,2
면접바이블 2.0,17820,면접왕 이형,0,종합,http://image.kyobobook.co.kr/ink/images/common/img_starating_a0.gif,http://image.kyobobook.co.kr/images/book/large/584/l9791196700584.jpg,3
2022 제13회 젊은작가상 수상작품집,6930,임솔아,0,종합,http://image.kyobobook.co.kr/ink/images/common/img_starating_a0.gif,http://image.kyobobook.co.kr/images/book/large/887/l9788954685887.jpg,4
마음의 법칙,14400,폴커 키츠,6,종합,http://image.kyobobook.co.kr/ink/images/common/img_starating_a5.gif,http://image.kyobobook.co.kr/images/book/large/685/l9791191347685.jpg,5
이어령의 마지막 수업,14850,김지수,24,종합,http://image.kyobobook.co.kr/ink/images/common/img_starating_a5.gif,http://image.kyobobook.co.kr/images/book/large/523/l9791170400523.jpg,6
이상한 과자 가게 전천당 14,10800,히로시마 레이코,4,종합,http://image.kyobobook.co.kr/ink/images/common/img_starating_a5.gif,http://image.kyobobook.co.kr/images/book/large/243/l9791164064243.jpg,7
저주토끼(3판),13320,정보라,0,종합,http://image.kyobobook.co.kr/ink/images/common/img_starating_a0.gif,http://image.kyobobook.co.kr/images/book/large/665/l9791166686665.jpg,8
컬러애 물들다,15120,밥 햄블리,34,종합,http://image.kyobobook.co.kr/ink/images/common/img_starating_a5.gif,http://image.kyobobook.co.kr/images/book/large/610/l9788972773610.jpg,9
웰씽킹(10만 부 기념 한정판 골드 에디션),14400,켈리 최,142,종합,http://image.kyobobook.co.kr/ink/images/common/img_starating_a5.gif,http://image.kyobobook.co.kr/images/book/large/774/l9791130677774.jpg,10
물고기는 존재하지 않는다,15300,룰루 밀러,6,종합,http://image.kyobobook.co.kr/ink/images/common/img_starating_a4.gif,http://image.kyobobook.co.kr/images/book/large/156/l9791189327156.jpg,11
"어서 오세요, 휴남동 서점입니다",13500,황보름,0,종합,http://image.kyobobook.co.kr/ink/images/common/img_starating_a0.gif,http://image.kyobobook.co.kr/images/book/large/143/l9791197377143.jpg,12
가불 선진국,14400,조국,3,종합,http://image.kyobobook.co.kr/ink/images/common/img_starating_a5.gif,http://image.kyobobook.co.kr/images/book/large/560/l9791157062560.jpg,13
파친코 1,13050,이민진,15,종합,http://image.kyobobook.co.kr/ink/images/common/img_starating_a5.gif,http://image.kyobobook.co.kr/images/book/large/815/l9788970129815.jpg,14
당신은 결국 무엇이든 해내는 사람,13500,김상현,6,종합,http://image.kyobobook.co.kr/ink/images/common/img_starating_a5.gif,http://image.kyobobook.co.kr/images/book/large/994/l9791188469994.jpg,15
도쿄 에일리언즈 2,4500,Naoe,0,종합,http://image.kyobobook.co.kr/ink/images/common/img_starating_a0.gif,http://image.kyobobook.co.kr/images/book/large/390/l9791136752390.jpg,16
게으른 뇌에 행동 스위치를 켜라,13500,오히라 노부타카,92,종합,http://image.kyobobook.co.kr/ink/images/common/img_starating_a5.gif,http://image.kyobobook.co.kr/images/book/large/154/l9791191777154.jpg,17
꽃샘바람에 흔들린다면 너는 꽃,12150,류시화,2,종합,http://image.kyobobook.co.kr/ink/images/common/img_starating_a5.gif,http://image.kyobobook.co.kr/images/book/large/618/l9791190382618.jpg,18
위대한 국민의 나라,18000,문재인대통령 비서실,0,종합,http://image.kyobobook.co.kr/ink/images/common/img_starating_a0.gif,http://image.kyobobook.co.kr/images/book/large/940/l9791160077940.jpg,19
나에게 고맙다(30만 부 기념 전면 개정판),14400,전승환,2,종합,http://image.kyobobook.co.kr/ink/images/common/img_starating_a5.gif,http://image.kyobobook.co.kr/images/book/large/072/l9791191891072.jpg,20
불편한 편의점(40만부 기념 벚꽃 에디션),12600,김호연,15,소설,http://image.kyobobook.co.kr/ink/images/common/img_starating_a4.gif,http://image.kyobobook.co.kr/images/book/large/188/l9791161571188.jpg,21
2022 제13회 젊은작가상 수상작품집,6930,임솔아,0,소설,http://image.kyobobook.co.kr/ink/images/common/img_starating_a0.gif,http://image.kyobobook.co.kr/images/book/large/887/l9788954685887.jpg,22
저주토끼(3판),13320,정보라,0,소설,http://image.kyobobook.co.kr/ink/images/common/img_starating_a0.gif,http://image.kyobobook.co.kr/images/book/large/665/l9791166686665.jpg,23
"어서 오세요, 휴남동 서점입니다",13500,황보름,0,소설,http://image.kyobobook.co.kr/ink/images/common/img_starating_a0.gif,http://image.kyobobook.co.kr/images/book/large/143/l9791197377143.jpg,24
파친코 1,13050,이민진,15,소설,http://image.kyobobook.co.kr/ink/images/common/img_starating_a5.gif,http://image.kyobobook.co.kr/images/book/large/815/l9788970129815.jpg,25
백광,13050,렌조 미키히코,25,소설,http://image.kyobobook.co.kr/ink/images/common/img_starating_a5.gif,http://image.kyobobook.co.kr/images/book/large/617/l9791191043617.jpg,26
테라피스트,14400,B. A. 패리스,11,소설,http://image.kyobobook.co.kr/ink/images/common/img_starating_a5.gif,http://image.kyobobook.co.kr/images/book/large/518/l9791191043518.jpg,27
달러구트 꿈 백화점(100만부 기념 합본호: Gift Edition)(양장본 HardCover),21600,이미예,0,소설,http://image.kyobobook.co.kr/ink/images/common/img_starating_a0.gif,http://image.kyobobook.co.kr/images/book/large/252/l9791165344252.jpg,28
미드나잇 라이브러리(1주년 스페셜 에디션),14220,매트 헤이그,31,소설,http://image.kyobobook.co.kr/ink/images/common/img_starating_a5.gif,http://image.kyobobook.co.kr/images/book/large/556/l9791191056556.jpg,29
"칵테일, 러브, 좀비(안전가옥 쇼-트 2)",9000,조예은,6,소설,http://image.kyobobook.co.kr/ink/images/common/img_starating_a5.gif,http://image.kyobobook.co.kr/images/book/large/756/l9791190174756.jpg,30
달러구트 꿈 백화점,12420,이미예,67,소설,http://image.kyobobook.co.kr/ink/images/common/img_starating_a5.gif,http://image.kyobobook.co.kr/images/book/large/909/l9791165341909.jpg,31
아몬드(양장본 HardCover),10800,손원평,65,소설,http://image.kyobobook.co.kr/ink/images/common/img_starating_a5.gif,http://image.kyobobook.co.kr/images/book/large/267/l9788936434267.jpg,32
지구 끝의 온실,13500,김초엽,3,소설,http://image.kyobobook.co.kr/ink/images/common/img_starating_a5.gif,http://image.kyobobook.co.kr/images/book/large/001/l9791191824001.jpg,33
인간 실격(세계문학전집 103),8100,다자이 오사무,79,소설,http://image.kyobobook.co.kr/ink/images/common/img_starating_a4.gif,http://image.kyobobook.co.kr/images/book/large/033/l9788937461033.jpg,34
실마릴리온 + 끝나지 않은 이야기 박스 세트(톨킨문학선)(양장본 HardCover)(전2권),99000,J. R. R. 톨킨,0,소설,http://image.kyobobook.co.kr/ink/images/common/img_starating_a0.gif,http://image.kyobobook.co.kr/images/book/large/940/l9788950999940.jpg,35
달러구트 꿈 백화점 2,12420,이미예,28,소설,http://image.kyobobook.co.kr/ink/images/common/img_starating_a5.gif,http://image.kyobobook.co.kr/images/book/large/729/l9791165343729.jpg,36
밝은 밤,13050,최은영,15,소설,http://image.kyobobook.co.kr/ink/images/common/img_starating_a5.gif,http://image.kyobobook.co.kr/images/book/large/179/l9788954681179.jpg,37
위저드 베이커리(개정판)(소설Y)(양장본 HardCover),12600,구병모,7,소설,http://image.kyobobook.co.kr/ink/images/common/img_starating_a5.gif,http://image.kyobobook.co.kr/images/book/large/618/l9788936434618.jpg,38
주술회전 0 노벨라이즈(극장판),8550,Gege Akutami,0,소설,http://image.kyobobook.co.kr/ink/images/common/img_starating_a0.gif,http://image.kyobobook.co.kr/images/book/large/024/l9791136752024.jpg,39
모순(양장본 HardCover),11700,양귀자,8,소설,http://image.kyobobook.co.kr/ink/images/common/img_starating_a5.gif,http://image.kyobobook.co.kr/images/book/large/012/l9788998441012.jpg,40
당신은 결국 무엇이든 해내는 사람,13500,김상현,6,에세이,http://image.kyobobook.co.kr/ink/images/common/img_starating_a5.gif,http://image.kyobobook.co.kr/images/book/large/994/l9791188469994.jpg,41
나에게 고맙다(30만 부 기념 전면 개정판),14400,전승환,2,에세이,http://image.kyobobook.co.kr/ink/images/common/img_starating_a5.gif,http://image.kyobobook.co.kr/images/book/large/072/l9791191891072.jpg,42
나는 당신이 행복했으면 좋겠습니다,12420,박찬위,0,에세이,http://image.kyobobook.co.kr/ink/images/common/img_starating_a0.gif,http://image.kyobobook.co.kr/images/book/large/604/l9791197647604.jpg,43
오래되고 멋진 클래식 레코드(양장본 HardCover),22500,무라카미 하루키,1,에세이,http://image.kyobobook.co.kr/ink/images/common/img_starating_a3.gif,http://image.kyobobook.co.kr/images/book/large/672/l9788954685672.jpg,44
좋은지 나쁜지 누가 아는가,13500,류시화,9,에세이,http://image.kyobobook.co.kr/ink/images/common/img_starating_a5.gif,http://image.kyobobook.co.kr/images/book/large/789/l9791186900789.jpg,45
나의 MBTI가 궁금하단 마리몽,14220,김소나,3,에세이,http://image.kyobobook.co.kr/ink/images/common/img_starating_a5.gif,http://image.kyobobook.co.kr/images/book/large/355/l9791164455355.jpg,46
내가 같이 뛰어내려 줄게,14400,씨씨코,0,에세이,http://image.kyobobook.co.kr/ink/images/common/img_starating_a0.gif,http://image.kyobobook.co.kr/images/book/large/886/l9791130688886.jpg,47
꽃잎 한 장처럼(양장본 HardCover),14400,이해인,12,에세이,http://image.kyobobook.co.kr/ink/images/common/img_starating_a5.gif,http://image.kyobobook.co.kr/images/book/large/056/l9788946422056.jpg,48
햇빛은 찬란하고 인생은 귀하니까요: 밀라논나 이야기,13320,장명숙,22,에세이,http://image.kyobobook.co.kr/ink/images/common/img_starating_a5.gif,http://image.kyobobook.co.kr/images/book/large/051/l9788934985051.jpg,49
아끼고 아낀 말,14400,정세운,0,에세이,http://image.kyobobook.co.kr/ink/images/common/img_starating_a0.gif,http://image.kyobobook.co.kr/images/book/large/734/l9791168122734.jpg,50
H마트에서 울다,14400,미셸 자우너,1,에세이,http://image.kyobobook.co.kr/ink/images/common/img_starating_a5.gif,http://image.kyobobook.co.kr/images/book/large/371/l9788954683371.jpg,51
잘했고 잘하고 있고 잘 될 것이다,13500,정영욱,49,에세이,http://image.kyobobook.co.kr/ink/images/common/img_starating_a5.gif,http://image.kyobobook.co.kr/images/book/large/605/l9791162143605.jpg,52
나는 나로 살기로 했다,14400,김수현,0,에세이,http://image.kyobobook.co.kr/ink/images/common/img_starating_a0.gif,http://image.kyobobook.co.kr/images/book/large/150/l9791197377150.jpg,53
나만의 순간들,13320,김현경,30,에세이,http://image.kyobobook.co.kr/ink/images/common/img_starating_a5.gif,http://image.kyobobook.co.kr/images/book/large/282/l9791190299282.jpg,54
기분을 관리하면 인생이 관리된다,15840,김다슬,0,에세이,http://image.kyobobook.co.kr/ink/images/common/img_starating_a0.gif,http://image.kyobobook.co.kr/images/book/large/127/l9791196617127.jpg,55
"아무튼, 피아노(아무튼 시리즈 48)",10800,김겨울,0,에세이,http://image.kyobobook.co.kr/ink/images/common/img_starating_a0.gif,http://image.kyobobook.co.kr/images/book/large/539/l9791188343539.jpg,56
어린이라는 세계(리커버 특별판),13500,김소영,9,에세이,http://image.kyobobook.co.kr/ink/images/common/img_starating_a5.gif,http://image.kyobobook.co.kr/images/book/large/918/l9791160946918.jpg,57
뭐든 해 봐요,13500,김동현,4,에세이,http://image.kyobobook.co.kr/ink/images/common/img_starating_a5.gif,http://image.kyobobook.co.kr/images/book/large/146/l9791130681146.jpg,58
작은 별이지만 빛나고 있어(10만 부 기념 한정판 에디션),13500,소윤,4,에세이,http://image.kyobobook.co.kr/ink/images/common/img_starating_a5.gif,http://image.kyobobook.co.kr/images/book/large/153/l9791197037153.jpg,59
보이지 않는 곳에서 애쓰고 있는 너에게,9720,최대호,0,에세이,http://image.kyobobook.co.kr/ink/images/common/img_starating_a0.gif,http://image.kyobobook.co.kr/images/book/large/775/l9791197646775.jpg,60
마음의 법칙,14400,폴커 키츠,6,인문,http://image.kyobobook.co.kr/ink/images/common/img_starating_a5.gif,http://image.kyobobook.co.kr/images/book/large/685/l9791191347685.jpg,61
이어령의 마지막 수업,14850,김지수,24,인문,http://image.kyobobook.co.kr/ink/images/common/img_starating_a5.gif,http://image.kyobobook.co.kr/images/book/large/523/l9791170400523.jpg,62
거시기 머시기,14400,이어령,17,인문,http://image.kyobobook.co.kr/ink/images/common/img_starating_a5.gif,http://image.kyobobook.co.kr/images/book/large/628/l9788934961628.jpg,63
무엇이 옳은가,16020,후안 엔리케스,20,인문,http://image.kyobobook.co.kr/ink/images/common/img_starating_a5.gif,http://image.kyobobook.co.kr/images/book/large/805/l9788933871805.jpg,64
오십에 읽는 논어,14400,최종엽,6,인문,http://image.kyobobook.co.kr/ink/images/common/img_starating_a5.gif,http://image.kyobobook.co.kr/images/book/large/839/l9791190826839.jpg,65
소크라테스 익스프레스(25만 부 기념 봄 에디션)(양장본 HardCover),16200,에릭 와이너,7,인문,http://image.kyobobook.co.kr/ink/images/common/img_starating_a5.gif,http://image.kyobobook.co.kr/images/book/large/922/l9791190030922.jpg,66
아들러 성격 상담소,14220,기시미 이치로,9,인문,http://image.kyobobook.co.kr/ink/images/common/img_starating_a5.gif,http://image.kyobobook.co.kr/images/book/large/673/l9791185428673.jpg,67
우리는 여전히 삶을 사랑하는가(양장본 HardCover),14220,에리히 프롬,30,인문,http://image.kyobobook.co.kr/ink/images/common/img_starating_a5.gif,http://image.kyobobook.co.kr/images/book/large/671/l9788934949671.jpg,68
사피엔스,19800,유발 하라리,71,인문,http://image.kyobobook.co.kr/ink/images/common/img_starating_a5.gif,http://image.kyobobook.co.kr/images/book/large/464/l9788934972464.jpg,69
공정하다는 착각,16200,마이클 샌델,41,인문,http://image.kyobobook.co.kr/ink/images/common/img_starating_a5.gif,http://image.kyobobook.co.kr/images/book/large/452/l9791164136452.jpg,70
도파민네이션,16200,애나 렘키,20,인문,http://image.kyobobook.co.kr/ink/images/common/img_starating_a5.gif,http://image.kyobobook.co.kr/images/book/large/046/l9788965965046.jpg,71
전념,16020,피트 데이비스,0,인문,http://image.kyobobook.co.kr/ink/images/common/img_starating_a0.gif,http://image.kyobobook.co.kr/images/book/large/335/l9791197549335.jpg,72
김형석의 인생문답,16000,김형석,20,인문,http://image.kyobobook.co.kr/ink/images/common/img_starating_a5.gif,http://image.kyobobook.co.kr/images/book/large/039/l9791188632039.jpg,73
모든 사람에게 사랑받을 필요는 없다,13500,이평,13,인문,http://image.kyobobook.co.kr/ink/images/common/img_starating_a5.gif,http://image.kyobobook.co.kr/images/book/large/679/l9791191043679.jpg,74
우리는 지금 문학이 필요하다,24120,앵거스 플레처,0,인문,http://image.kyobobook.co.kr/ink/images/common/img_starating_a0.gif,http://image.kyobobook.co.kr/images/book/large/176/l9791135472176.jpg,75
공간의 미래(리커버:K),14400,유현준,6,인문,http://image.kyobobook.co.kr/ink/images/common/img_starating_a5.gif,http://image.kyobobook.co.kr/images/book/large/427/l9788932474427.jpg,76
늙는다는 착각,15300,엘렌 랭어,10,인문,http://image.kyobobook.co.kr/ink/images/common/img_starating_a5.gif,http://image.kyobobook.co.kr/images/book/large/976/l9791190826976.jpg,77
김경일의 지혜로운 인간생활(양장본 HardCover),15750,김경일,15,인문,http://image.kyobobook.co.kr/ink/images/common/img_starating_a5.gif,http://image.kyobobook.co.kr/images/book/large/136/l9791189217136.jpg,78
정의란 무엇인가(마이클 샌델),13500,마이클 샌델,35,인문,http://image.kyobobook.co.kr/ink/images/common/img_starating_a5.gif,http://image.kyobobook.co.kr/images/book/large/790/l9788937834790.jpg,79
기억의 뇌과학,15300,리사 제노바,1,인문,http://image.kyobobook.co.kr/ink/images/common/img_starating_a5.gif,http://image.kyobobook.co.kr/images/book/large/727/l9788901259727.jpg,80
가불 선진국,14400,조국,3,정치사회,http://image.kyobobook.co.kr/ink/images/common/img_starating_a5.gif,http://image.kyobobook.co.kr/images/book/large/560/l9791157062560.jpg,81
위대한 국민의 나라,18000,문재인대통령 비서실,0,정치사회,http://image.kyobobook.co.kr/ink/images/common/img_starating_a0.gif,http://image.kyobobook.co.kr/images/book/large/940/l9791160077940.jpg,82
아무도 흔들 수 없는 나라(양장본 HardCover),18000,문재인,1,정치사회,http://image.kyobobook.co.kr/ink/images/common/img_starating_a5.gif,http://image.kyobobook.co.kr/images/book/large/536/l9788934961536.jpg,83
지리의 힘 2,20700,팀 마샬,0,정치사회,http://image.kyobobook.co.kr/ink/images/common/img_starating_a0.gif,http://image.kyobobook.co.kr/images/book/large/982/l9788993178982.jpg,84
그리움은 아무에게나 생기지 않습니다,13500,박근혜,6,정치사회,http://image.kyobobook.co.kr/ink/images/common/img_starating_a4.gif,http://image.kyobobook.co.kr/images/book/large/984/l9791196661984.jpg,85
지리의 힘,15300,팀 마샬,13,정치사회,http://image.kyobobook.co.kr/ink/images/common/img_starating_a4.gif,http://image.kyobobook.co.kr/images/book/large/692/l9788993178692.jpg,86
보이지 않는 중국,16200,스콧 로젤,0,정치사회,http://image.kyobobook.co.kr/ink/images/common/img_starating_a0.gif,http://image.kyobobook.co.kr/images/book/large/143/l9791191311143.jpg,87
윤석열 X파일,14400,열린공감TV,1,정치사회,http://image.kyobobook.co.kr/ink/images/common/img_starating_a4.gif,http://image.kyobobook.co.kr/images/book/large/618/l9791197747618.jpg,88
손석희의 앵커브리핑 1,16200,손석희,0,정치사회,http://image.kyobobook.co.kr/ink/images/common/img_starating_a0.gif,http://image.kyobobook.co.kr/images/book/large/677/l9788976965677.jpg,89
지속가능한 나이듦,14400,정희원,2,정치사회,http://image.kyobobook.co.kr/ink/images/common/img_starating_a5.gif,http://image.kyobobook.co.kr/images/book/large/167/l9791188719167.jpg,90
레드 룰렛,15120,데즈먼드 슘,7,정치사회,http://image.kyobobook.co.kr/ink/images/common/img_starating_a5.gif,http://image.kyobobook.co.kr/images/book/large/312/l9791191122312.jpg,91
악의 마음을 읽는 자들,12960,권일용,4,정치사회,http://image.kyobobook.co.kr/ink/images/common/img_starating_a4.gif,http://image.kyobobook.co.kr/images/book/large/251/l9791159922251.jpg,92
김태우 수사관의 블랙리스트,13500,김태우,0,정치사회,http://image.kyobobook.co.kr/ink/images/common/img_starating_a0.gif,http://image.kyobobook.co.kr/images/book/large/106/l9788971860106.jpg,93
선량한 차별주의자,13500,김지혜,30,정치사회,http://image.kyobobook.co.kr/ink/images/common/img_starating_a5.gif,http://image.kyobobook.co.kr/images/book/large/196/l9788936477196.jpg,94
대통령의 사람 쓰기,18000,송국건,1,정치사회,http://image.kyobobook.co.kr/ink/images/common/img_starating_a5.gif,http://image.kyobobook.co.kr/images/book/large/526/l9791197734526.jpg,95
카스트,22500,이저벨 윌커슨,4,정치사회,http://image.kyobobook.co.kr/ink/images/common/img_starating_a5.gif,http://image.kyobobook.co.kr/images/book/large/361/l9788925578361.jpg,96
조국의 시간,15300,조국,12,정치사회,http://image.kyobobook.co.kr/ink/images/common/img_starating_a4.gif,http://image.kyobobook.co.kr/images/book/large/663/l9788935668663.jpg,97
군중심리(현대지성 클래식 39)(반양장),10800,귀스타브 르 봉,69,정치사회,http://image.kyobobook.co.kr/ink/images/common/img_starating_a5.gif,http://image.kyobobook.co.kr/images/book/large/114/l9791139700114.jpg,98
지구를 위한다는 착각,19800,마이클 셸런버거,13,정치사회,http://image.kyobobook.co.kr/ink/images/common/img_starating_a4.gif,http://image.kyobobook.co.kr/images/book/large/612/l9788960518612.jpg,99
우리에겐 절망할 권리가 없다,14850,김누리,14,정치사회,http://image.kyobobook.co.kr/ink/images/common/img_starating_a5.gif,http://image.kyobobook.co.kr/images/book/large/111/l9791167140111.jpg,100
나의 아저씨 세트(양장본 HardCover)(전2권),44640,박해영,2,예술,http://image.kyobobook.co.kr/ink/images/common/img_starating_a5.gif,http://image.kyobobook.co.kr/images/book/large/751/l9788933871751.jpg,101
방구석 미술관,15120,조원재,22,예술,http://image.kyobobook.co.kr/ink/images/common/img_starating_a5.gif,http://image.kyobobook.co.kr/images/book/large/862/l9788968331862.jpg,102
그림들(양장본 HardCover),17820,SUN 도슨트,7,예술,http://image.kyobobook.co.kr/ink/images/common/img_starating_a5.gif,http://image.kyobobook.co.kr/images/book/large/187/l9791190457187.jpg,103
김락희의 인체 드로잉,31500,김락희,4,예술,http://image.kyobobook.co.kr/ink/images/common/img_starating_a5.gif,http://image.kyobobook.co.kr/images/book/large/507/l9788931588507.jpg,104
이건희 컬렉션(양장본 HardCover),17820,SUN 도슨트,33,예술,http://image.kyobobook.co.kr/ink/images/common/img_starating_a5.gif,http://image.kyobobook.co.kr/images/book/large/450/l9791165344450.jpg,105
NFT 아트 실전 수업,15120,돈신궁예,0,예술,http://image.kyobobook.co.kr/ink/images/common/img_starating_a0.gif,http://image.kyobobook.co.kr/images/book/large/939/l9788994643939.jpg,106
사계절 컬러링북(초록담쟁이의 아름다운 날들),12600,초록담쟁이,0,예술,http://image.kyobobook.co.kr/ink/images/common/img_starating_a0.gif,http://image.kyobobook.co.kr/images/book/large/662/l9791197195662.jpg,107
"패션 디자이너, 미래가 찬란한 너에게(비기너 시리즈 1)",16200,박민지,6,예술,http://image.kyobobook.co.kr/ink/images/common/img_starating_a5.gif,http://image.kyobobook.co.kr/images/book/large/865/l9791168013865.jpg,108
일상을 담는 아이패드 드로잉,16200,이이오(김민정),0,예술,http://image.kyobobook.co.kr/ink/images/common/img_starating_a0.gif,http://image.kyobobook.co.kr/images/book/large/332/l9791190846332.jpg,109
포인트 캐릭터 드로잉 세트(반양장)(전2권),25200,타코,0,예술,http://image.kyobobook.co.kr/ink/images/common/img_starating_a0.gif,http://image.kyobobook.co.kr/images/book/large/199/l9791163988199.jpg,110
잘 그리기 금지,14850,사이토 나오키,1,예술,http://image.kyobobook.co.kr/ink/images/common/img_starating_a3.gif,http://image.kyobobook.co.kr/images/book/large/470/l9788979293470.jpg,111
어쩌다 클래식,15300,지이,10,예술,http://image.kyobobook.co.kr/ink/images/common/img_starating_a5.gif,http://image.kyobobook.co.kr/images/book/large/253/l9791165219253.jpg,112
그 해 우리는 1,16650,이나은,0,예술,http://image.kyobobook.co.kr/ink/images/common/img_starating_a0.gif,http://image.kyobobook.co.kr/images/book/large/312/l9788934952312.jpg,113
색연필 풍경화 컬러링북(쉽고 재미있게 그리는),13320,김소라,7,예술,http://image.kyobobook.co.kr/ink/images/common/img_starating_a5.gif,http://image.kyobobook.co.kr/images/book/large/679/l9791196105679.jpg,114
"우연히, 웨스 앤더슨(양장본 HardCover)",26100,윌리 코발,5,예술,http://image.kyobobook.co.kr/ink/images/common/img_starating_a5.gif,http://image.kyobobook.co.kr/images/book/large/882/l9788901248882.jpg,115
손그림 메이커,22500,폼피츠,0,예술,http://image.kyobobook.co.kr/ink/images/common/img_starating_a0.gif,http://image.kyobobook.co.kr/images/book/large/656/l9791196702656.jpg,116
방구석 미술관 2: 한국(30만 부 기념 ‘겨울 미술관’ 에디션),16650,조원재,22,예술,http://image.kyobobook.co.kr/ink/images/common/img_starating_a5.gif,http://image.kyobobook.co.kr/images/book/large/845/l9788968332845.jpg,117
브람스의 밤과 고흐의 별,15120,김희경,9,예술,http://image.kyobobook.co.kr/ink/images/common/img_starating_a5.gif,http://image.kyobobook.co.kr/images/book/large/987/l9788947547987.jpg,118
봄은 언제나 찾아온다,22500,데이비드 호크니,9,예술,http://image.kyobobook.co.kr/ink/images/common/img_starating_a5.gif,http://image.kyobobook.co.kr/images/book/large/034/l9791165797034.jpg,119
친절한 빛과 색,18000,박리노,0,예술,http://image.kyobobook.co.kr/ink/images/common/img_starating_a0.gif,http://image.kyobobook.co.kr/images/book/large/673/l9788960883673.jpg,120
